dataset	median_sd	lambda
DS1	0.0023118596970472	51.5594873351947
DS2	0.00977088288424757	15.633441212509
DS3	0.00933031698448464	16.3716327558009
DS4	0.00886805683349208	18.0434887004713
DS5	0.00969464529520791	15.861864602802
DS6	0.00924284064052836	15.3799478153856
DS7	0.0112740646716286	17.6796685164187
DS8	0.0086879215438417	20.0873507466539
DS9	0.00952300823527043	16.1235694923784
DS10	0.00919164316417755	13.0319318084388
