dataset	median_sd	lambda
DS1	0.24842686087376	1.63734508484098
DS2	0.273111016450221	1.74121216247494
DS3	0.238151984132466	1.73884976982418
